{
    "Txn_Loc": {
        "mean": -2.879008253506271e-17,
        "std": 1.000000879307563
    },
    "Txn_Type": {
        "mean": 1.9913140420085041e-16,
        "std": 1.0000008793075628
    },
    "Acc_Type": {
        "mean": -1.1835922819970225e-16,
        "std": 1.000000879307563
    },
    "Account_Balance_Before": {
        "mean": -5.758016507012542e-17,
        "std": 1.0000008793075628
    },
    "Account_Balance_After": {
        "mean": -4.07859502580055e-17,
        "std": 1.0000008793075625
    },
    "Rcvr_Loc": {
        "mean": -3.398829188167125e-17,
        "std": 1.0000008793075628
    },
    "Rcvr_Cat": {
        "mean": -5.837988958498827e-17,
        "std": 1.0000008793075628
    },
    "Txn_Date": {
        "mean": -3.518787865396553e-17,
        "std": 1.0000008793075628
    },
    "Txn_Time": {
        "mean": -3.198898059451412e-17,
        "std": 1.0000008793075623
    }
}